[HermitMoth] Scooby-Doo_0001.webp,[HermitMoth]_Scooby-Doo_0001.webp
[HermitMoth] Scooby-Doo_0002.webp,[HermitMoth]_Scooby-Doo_0002.webp
[HermitMoth] Scooby-Doo_0003.webp,[HermitMoth]_Scooby-Doo_0003.webp
[HermitMoth] Scooby-Doo_0036.webp,[HermitMoth]_Scooby-Doo_0004.webp
[HermitMoth] Scooby-Doo_0037.webp,[HermitMoth]_Scooby-Doo_0005.webp
[HermitMoth] Scooby-Doo_0038.webp,[HermitMoth]_Scooby-Doo_0006.webp
[HermitMoth] Scooby-Doo_0039.webp,[HermitMoth]_Scooby-Doo_0007.webp
[HermitMoth] Scooby-Doo_0040.webp,[HermitMoth]_Scooby-Doo_0008.webp
[HermitMoth] Scooby-Doo_0046.webp,[HermitMoth]_Scooby-Doo_0009.webp
[HermitMoth] Scooby-Doo_0004.webp,[HermitMoth]_Scooby-Doo_0010.webp
[HermitMoth] Scooby-Doo_0005.webp,[HermitMoth]_Scooby-Doo_0011.webp
[HermitMoth] Scooby-Doo_0006.webp,[HermitMoth]_Scooby-Doo_0012.webp
[HermitMoth] Scooby-Doo_0047.webp,[HermitMoth]_Scooby-Doo_0013.webp
[HermitMoth] Scooby-Doo_0048.webp,[HermitMoth]_Scooby-Doo_0014.webp
[HermitMoth] Scooby-Doo_0049.webp,[HermitMoth]_Scooby-Doo_0015.webp
[HermitMoth] Scooby-Doo_0050.webp,[HermitMoth]_Scooby-Doo_0016.webp
[HermitMoth] Scooby-Doo_0007.webp,[HermitMoth]_Scooby-Doo_0017.webp
[HermitMoth] Scooby-Doo_0008.webp,[HermitMoth]_Scooby-Doo_0018.webp
[HermitMoth] Scooby-Doo_0009.webp,[HermitMoth]_Scooby-Doo_0019.webp
[HermitMoth] Scooby-Doo_0011.webp,[HermitMoth]_Scooby-Doo_0020.webp
[HermitMoth] Scooby-Doo_0012.webp,[HermitMoth]_Scooby-Doo_0021.webp
[HermitMoth] Scooby-Doo_0013.webp,[HermitMoth]_Scooby-Doo_0022.webp
[HermitMoth] Scooby-Doo_0014.webp,[HermitMoth]_Scooby-Doo_0023.webp
[HermitMoth] Scooby-Doo_0015.webp,[HermitMoth]_Scooby-Doo_0024.webp
[HermitMoth] Scooby-Doo_0016.webp,[HermitMoth]_Scooby-Doo_0025.webp
[HermitMoth] Scooby-Doo_0017.webp,[HermitMoth]_Scooby-Doo_0026.webp
[HermitMoth] Scooby-Doo_0010.webp,[HermitMoth]_Scooby-Doo_0027.webp
[HermitMoth] Scooby-Doo_0018.webp,[HermitMoth]_Scooby-Doo_0028.webp
[HermitMoth] Scooby-Doo_0019.webp,[HermitMoth]_Scooby-Doo_0029.webp
[HermitMoth] Scooby-Doo_0020.webp,[HermitMoth]_Scooby-Doo_0030.webp
[HermitMoth] Scooby-Doo_0021.webp,[HermitMoth]_Scooby-Doo_0031.webp
[HermitMoth] Scooby-Doo_0022.webp,[HermitMoth]_Scooby-Doo_0032.webp
[HermitMoth] Scooby-Doo_0023.webp,[HermitMoth]_Scooby-Doo_0033.webp
[HermitMoth] Scooby-Doo_0024.webp,[HermitMoth]_Scooby-Doo_0034.webp
[HermitMoth] Scooby-Doo_0025.webp,[HermitMoth]_Scooby-Doo_0035.webp
[HermitMoth] Scooby-Doo_0026.webp,[HermitMoth]_Scooby-Doo_0036.webp
[HermitMoth] Scooby-Doo_0027.webp,[HermitMoth]_Scooby-Doo_0037.webp
[HermitMoth] Scooby-Doo_0028.webp,[HermitMoth]_Scooby-Doo_0038.webp
[HermitMoth] Scooby-Doo_0029.webp,[HermitMoth]_Scooby-Doo_0039.webp
[HermitMoth] Scooby-Doo_0030.webp,[HermitMoth]_Scooby-Doo_0040.webp
[HermitMoth] Scooby-Doo_0031.webp,[HermitMoth]_Scooby-Doo_0041.webp
[HermitMoth] Scooby-Doo_0032.webp,[HermitMoth]_Scooby-Doo_0042.webp
[HermitMoth] Scooby-Doo_0033.webp,[HermitMoth]_Scooby-Doo_0043.webp
[HermitMoth] Scooby-Doo_0034.webp,[HermitMoth]_Scooby-Doo_0044.webp
[HermitMoth] Scooby-Doo_0035.webp,[HermitMoth]_Scooby-Doo_0045.webp
[HermitMoth] Scooby-Doo_0041.webp,[HermitMoth]_Scooby-Doo_0046.webp
[HermitMoth] Scooby-Doo_0042.webp,[HermitMoth]_Scooby-Doo_0047.webp
[HermitMoth] Scooby-Doo_0043.webp,[HermitMoth]_Scooby-Doo_0048.webp
[HermitMoth] Scooby-Doo_0044.webp,[HermitMoth]_Scooby-Doo_0049.webp
[HermitMoth] Scooby-Doo_0045.webp,[HermitMoth]_Scooby-Doo_0050.webp
